{
  "file_info": {
    "filename": "sample5109.csv",
    "keystroke_count": 19,
    "verification_time": "2025-11-27T02:59:09.273542"
  },
  "authentication_result": {
    "is_authentic": false,
    "confidence": 35.6640614304161,
    "ensemble_decision": "Impostor",
    "model_agreement": 100.0,
    "final_decision": "REJECTED"
  },
  "security_analysis": {
    "risk_level": "LOW",
    "feature_anomaly_score": 0,
    "timing_anomaly_score": 0,
    "overall_anomaly_score": 0.0,
    "behavior_consistency": 85,
    "recommendations": [
      "Consider multi-factor authentication"
    ]
  },
  "model_predictions": {
    "individual_predictions": {
      "RandomForest": "0",
      "LightGBM": "0",
      "XGBoost": "0"
    },
    "individual_probabilities": {
      "RandomForest": [
        0.6135114523008759,
        0.38648854769912405
      ],
      "LightGBM": [
        0.5107407116634777,
        0.4892592883365224
      ],
      "XGBoost": [
        0.8500322103500366,
        0.14996777474880219
      ]
    },
    "best_model": "LightGBM",
    "best_model_prediction": "0",
    "best_model_confidence": 51.074071166347764
  },
  "typing_statistics": {
    "dwell_time_mean": 121.73684210526316,
    "dwell_time_std": 37.489201564158826,
    "flight_time_mean": 228.43157894736845,
    "flight_time_std": 109.88362557538153,
    "total_time": 6653.200000000001,
    "typing_speed": 2.85576865267841,
    "dwell_flight_ratio": 0.5329247500115202,
    "pause_ratio": 0.0,
    "error_rate": 0.0
  }
}