{
  "file_info": {
    "filename": "sample6.csv",
    "keystroke_count": 19,
    "verification_time": "2025-11-26T10:29:55.558745"
  },
  "authentication_result": {
    "is_authentic": true,
    "confidence": 67.48103052648521,
    "ensemble_decision": "Legitimate",
    "model_agreement": 100.0,
    "final_decision": "REJECTED"
  },
  "security_analysis": {
    "risk_level": "VERY_LOW",
    "feature_anomaly_score": 0,
    "timing_anomaly_score": 0,
    "overall_anomaly_score": 0.0,
    "behavior_consistency": 70,
    "recommendations": [
      "Consider multi-factor authentication"
    ]
  },
  "model_predictions": {
    "individual_predictions": {
      "RandomForest": "1",
      "LightGBM": "1",
      "XGBoost": "1"
    },
    "individual_probabilities": {
      "RandomForest": [
        0.4986253158625405,
        0.5013746841374593
      ],
      "LightGBM": [
        0.30180838873347915,
        0.6981916112665209
      ],
      "XGBoost": [
        0.1829291582107544,
        0.8170708417892456
      ]
    },
    "best_model": "LightGBM",
    "best_model_prediction": "1",
    "best_model_confidence": 69.81916112665209
  },
  "typing_statistics": {
    "dwell_time_mean": 124.69999999999999,
    "dwell_time_std": 40.6391163508482,
    "flight_time_mean": 342.58421052631587,
    "flight_time_std": 198.48143843571057,
    "total_time": 8878.400000000001,
    "typing_speed": 2.1400252297711297,
    "dwell_flight_ratio": 0.36399809497472757,
    "pause_ratio": 0.21052631578947367,
    "error_rate": 0.0
  }
}