{
  "file_info": {
    "filename": "sample5101.csv",
    "keystroke_count": 19,
    "verification_time": "2025-11-26T10:33:42.743940"
  },
  "authentication_result": {
    "is_authentic": true,
    "confidence": 74.29334456411706,
    "ensemble_decision": "Legitimate",
    "model_agreement": 100.0,
    "final_decision": "REJECTED"
  },
  "security_analysis": {
    "risk_level": "VERY_LOW",
    "feature_anomaly_score": 0,
    "timing_anomaly_score": 0,
    "overall_anomaly_score": 0.0,
    "behavior_consistency": 70,
    "recommendations": [
      "Consider multi-factor authentication"
    ]
  },
  "model_predictions": {
    "individual_predictions": {
      "RandomForest": "1",
      "LightGBM": "1",
      "XGBoost": "1"
    },
    "individual_probabilities": {
      "RandomForest": [
        0.45817427187851595,
        0.5418257281214839
      ],
      "LightGBM": [
        0.1280631782664725,
        0.8719368217335275
      ],
      "XGBoost": [
        0.227963387966156,
        0.772036612033844
      ]
    },
    "best_model": "LightGBM",
    "best_model_prediction": "1",
    "best_model_confidence": 87.19368217335276
  },
  "typing_statistics": {
    "dwell_time_mean": 147.50526315789475,
    "dwell_time_std": 49.23918351254879,
    "flight_time_mean": 267.2736842105263,
    "flight_time_std": 198.91642533739096,
    "total_time": 7880.799999999999,
    "typing_speed": 2.410922748959497,
    "dwell_flight_ratio": 0.5518884644165256,
    "pause_ratio": 0.15789473684210525,
    "error_rate": 0.0
  }
}