{
  "file_info": {
    "filename": "sample5104.csv",
    "keystroke_count": 19,
    "verification_time": "2025-11-26T10:36:05.628715"
  },
  "authentication_result": {
    "is_authentic": true,
    "confidence": 90.23930150169366,
    "ensemble_decision": "Legitimate",
    "model_agreement": 100.0,
    "final_decision": "AUTHENTICATED"
  },
  "security_analysis": {
    "risk_level": "VERY_LOW",
    "feature_anomaly_score": 0,
    "timing_anomaly_score": 30,
    "overall_anomaly_score": 15.0,
    "behavior_consistency": 70,
    "recommendations": [
      "Pattern appears normal"
    ]
  },
  "model_predictions": {
    "individual_predictions": {
      "RandomForest": "1",
      "LightGBM": "1",
      "XGBoost": "1"
    },
    "individual_probabilities": {
      "RandomForest": [
        0.2302803102713765,
        0.7697196897286231
      ],
      "LightGBM": [
        0.04335052048841681,
        0.9566494795115832
      ],
      "XGBoost": [
        0.03727567195892334,
        0.9627243280410767
      ]
    },
    "best_model": "LightGBM",
    "best_model_prediction": "1",
    "best_model_confidence": 95.66494795115833
  },
  "typing_statistics": {
    "dwell_time_mean": 135.7842105263158,
    "dwell_time_std": 44.92721599255963,
    "flight_time_mean": 218.78947368421052,
    "flight_time_std": 243.55739431905033,
    "total_time": 6736.9,
    "typing_speed": 2.820288263147739,
    "dwell_flight_ratio": 0.6206158287226365,
    "pause_ratio": 0.15789473684210525,
    "error_rate": 0.0
  }
}