{
  "file_info": {
    "filename": "sample201.csv",
    "keystroke_count": 17,
    "verification_time": "2025-11-26T10:28:39.551610"
  },
  "authentication_result": {
    "is_authentic": true,
    "confidence": 95.90990777445695,
    "ensemble_decision": "Legitimate",
    "model_agreement": 100.0,
    "final_decision": "AUTHENTICATED"
  },
  "security_analysis": {
    "risk_level": "VERY_LOW",
    "feature_anomaly_score": 0,
    "timing_anomaly_score": 0,
    "overall_anomaly_score": 0.0,
    "behavior_consistency": 100,
    "recommendations": [
      "Pattern appears normal"
    ]
  },
  "model_predictions": {
    "individual_predictions": {
      "RandomForest": "1",
      "LightGBM": "1",
      "XGBoost": "1"
    },
    "individual_probabilities": {
      "RandomForest": [
        0.11457091717788982,
        0.885429082822109
      ],
      "LightGBM": [
        0.009171515678627395,
        0.9908284843213726
      ],
      "XGBoost": [
        0.009536802768707275,
        0.9904631972312927
      ]
    },
    "best_model": "LightGBM",
    "best_model_prediction": "1",
    "best_model_confidence": 99.08284843213725
  },
  "typing_statistics": {
    "dwell_time_mean": 70.8935294117647,
    "dwell_time_std": 17.44364781990011,
    "flight_time_mean": 69.31176470588237,
    "flight_time_std": 22.61465736952865,
    "total_time": 2383.4900000000002,
    "typing_speed": 7.132398289902621,
    "dwell_flight_ratio": 1.0228210133242805,
    "pause_ratio": 0.0,
    "error_rate": 0.0
  }
}