{
  "file_info": {
    "filename": "sample5103.csv",
    "keystroke_count": 19,
    "verification_time": "2025-11-26T10:35:18.637696"
  },
  "authentication_result": {
    "is_authentic": true,
    "confidence": 89.47095023106536,
    "ensemble_decision": "Legitimate",
    "model_agreement": 100.0,
    "final_decision": "AUTHENTICATED"
  },
  "security_analysis": {
    "risk_level": "VERY_LOW",
    "feature_anomaly_score": 0,
    "timing_anomaly_score": 30,
    "overall_anomaly_score": 15.0,
    "behavior_consistency": 70,
    "recommendations": [
      "Pattern appears normal"
    ]
  },
  "model_predictions": {
    "individual_predictions": {
      "RandomForest": "1",
      "LightGBM": "1",
      "XGBoost": "1"
    },
    "individual_probabilities": {
      "RandomForest": [
        0.2246361235418568,
        0.7753638764581428
      ],
      "LightGBM": [
        0.047710834840288596,
        0.9522891651597114
      ],
      "XGBoost": [
        0.06271779537200928,
        0.9372822046279907
      ]
    },
    "best_model": "LightGBM",
    "best_model_prediction": "1",
    "best_model_confidence": 95.22891651597114
  },
  "typing_statistics": {
    "dwell_time_mean": 135.2105263157895,
    "dwell_time_std": 44.816724243632805,
    "flight_time_mean": 227.31052631578945,
    "flight_time_std": 212.89640123970796,
    "total_time": 6887.9,
    "typing_speed": 2.758460488683053,
    "dwell_flight_ratio": 0.5948273866030704,
    "pause_ratio": 0.10526315789473684,
    "error_rate": 0.0
  }
}