{
  "file_info": {
    "filename": "sample2003.csv",
    "keystroke_count": 17,
    "verification_time": "2025-11-26T10:29:11.516683"
  },
  "authentication_result": {
    "is_authentic": true,
    "confidence": 94.24637176545411,
    "ensemble_decision": "Legitimate",
    "model_agreement": 100.0,
    "final_decision": "AUTHENTICATED"
  },
  "security_analysis": {
    "risk_level": "VERY_LOW",
    "feature_anomaly_score": 0,
    "timing_anomaly_score": 0,
    "overall_anomaly_score": 0.0,
    "behavior_consistency": 100,
    "recommendations": [
      "Pattern appears normal"
    ]
  },
  "model_predictions": {
    "individual_predictions": {
      "RandomForest": "1",
      "LightGBM": "1",
      "XGBoost": "1"
    },
    "individual_probabilities": {
      "RandomForest": [
        0.15527951568041834,
        0.8447204843195815
      ],
      "LightGBM": [
        0.011477983633133682,
        0.9885220163668663
      ],
      "XGBoost": [
        0.02120417356491089,
        0.9787958264350891
      ]
    },
    "best_model": "LightGBM",
    "best_model_prediction": "1",
    "best_model_confidence": 98.85220163668663
  },
  "typing_statistics": {
    "dwell_time_mean": 194.4829411764706,
    "dwell_time_std": 31.567142285275423,
    "flight_time_mean": 154.55941176470586,
    "flight_time_std": 60.56292569206307,
    "total_time": 5933.719999999999,
    "typing_speed": 2.8649818326446144,
    "dwell_flight_ratio": 1.2583053917967966,
    "pause_ratio": 0.0,
    "error_rate": 0.0
  }
}