{
  "file_info": {
    "filename": "sample5102.csv",
    "keystroke_count": 19,
    "verification_time": "2025-11-26T10:34:40.016382"
  },
  "authentication_result": {
    "is_authentic": false,
    "confidence": 51.2222177736712,
    "ensemble_decision": "Impostor",
    "model_agreement": 66.66666666666666,
    "final_decision": "REJECTED"
  },
  "security_analysis": {
    "risk_level": "HIGH",
    "feature_anomaly_score": 0,
    "timing_anomaly_score": 30,
    "overall_anomaly_score": 15.0,
    "behavior_consistency": 55,
    "recommendations": [
      "Consider multi-factor authentication",
      "Inconsistent typing behavior",
      "Model predictions show disagreement"
    ]
  },
  "model_predictions": {
    "individual_predictions": {
      "RandomForest": "0",
      "LightGBM": "1",
      "XGBoost": "0"
    },
    "individual_probabilities": {
      "RandomForest": [
        0.5488653661758909,
        0.4511346338241096
      ],
      "LightGBM": [
        0.3239085142530782,
        0.6760914857469218
      ],
      "XGBoost": [
        0.645182728767395,
        0.35481730103492737
      ]
    },
    "best_model": "LightGBM",
    "best_model_prediction": "1",
    "best_model_confidence": 67.60914857469218
  },
  "typing_statistics": {
    "dwell_time_mean": 136.16842105263157,
    "dwell_time_std": 51.97615962718526,
    "flight_time_mean": 327.44736842105266,
    "flight_time_std": 471.23684463620845,
    "total_time": 8808.7,
    "typing_speed": 2.1569584615209965,
    "dwell_flight_ratio": 0.41584826810254755,
    "pause_ratio": 0.10526315789473684,
    "error_rate": 0.0
  }
}