{
  "best_model": "LightGBM",
  "available_models": [
    "RandomForest",
    "LightGBM",
    "XGBoost"
  ],
  "feature_count": 9,
  "training_date": "2025-11-26T22:08:33.926626",
  "performance_metrics": {
    "RandomForest": {
      "accuracy": 0.9182574645129711,
      "auc_score": 0.9777529033160766,
      "pr_auc": 0.9789167820968165
    },
    "LightGBM": {
      "accuracy": 0.9652471855115027,
      "auc_score": 0.9948124608275146,
      "pr_auc": 0.9938336100760479
    },
    "XGBoost": {
      "accuracy": 0.9618208516886931,
      "auc_score": 0.9948737951166405,
      "pr_auc": 0.9949578272234647
    }
  }
}